airports_removed,profit,airport_removed
0,-8370000,--
1,-8180000,VDA
2,-7990000,KPR
3,-7800000,KZI
4,-7610000,KZB
5,-7420000,BSS
6,-7230000,CMP
7,-7040000,LJA
8,-6850000,STZ
9,-6660000,TUA
10,-6470000,SXX
11,-6280000,KYK
12,-6090000,CZJ
13,-5900000,QFX
14,-5710000,IUE
15,-5520000,FMI
16,-5330000,UII
17,-5140000,MTE
18,-4950000,MSW
19,-4760000,PTJ
20,-4570000,DLZ
21,-4380000,BVS
22,-4200000,WBM
23,-4020000,WAG
24,-3840000,PUM
25,-3660000,CEZ
26,-3480000,PUG
27,-3290000,KOO
28,-3110000,KOS
29,-2930000,TMT
30,-2750000,CFK
31,-2570000,SCK
32,-2390000,IKO
33,-2200000,PVE
34,-2020000,CED
35,-1840000,KPB
36,-1660000,CBS
37,-1480000,PTG
38,-1300000,IGG
39,-1120000,CCK
40,-940000,PTH
41,-760000,WLH
42,-580000,WJU
43,-400000,PTU
44,-220000,KRP
45,-40000,CDC
46,140000,IIL
47,330000,CDJ
48,510000,PUB
49,690000,PUE
50,870000,WHK
51,1050000,KQA
52,1230000,ELV
53,1410000,WGP
54,1590000,KPV
55,1770000,CEM
56,1950000,ELU
57,2130000,TMW
58,2310000,CGI
59,2500000,KLN
60,2690000,KLL
61,2870000,CIP
62,3050000,KKR
63,3230000,CIU
64,3410000,CIX
65,3590000,PYH
66,3770000,CIZ
67,3950000,KKE
68,4130000,ELL
69,4310000,KKB
70,4490000,PYY
71,4670000,PZB
72,4850000,CJM
73,5030000,VGZ
74,5210000,ILI
75,5390000,ILP
76,5570000,VIN
77,5750000,VIS
78,5930000,VKG
79,6110000,CIC
80,6290000,VUS
81,6470000,CGM
82,6650000,KNU
83,6830000,KSE
84,7010000,VRC
85,7190000,VPY
86,7370000,KNQ
87,7550000,PVC
88,7730000,PVA
89,7910000,VLY
90,8090000,GRP
91,8270000,VLS
92,8450000,PWE
93,8630000,KME
94,8810000,CHU
95,8990000,CHX
96,9170000,ILD
97,9350000,PYC
98,9530000,TNC
99,9710000,IFJ
100,9890000,PSJ
101,10070000,CBH
102,10250000,BTC
103,10430000,XEQ
104,10610000,IAA
105,10790000,PPG
106,10970000,EUX
107,11150000,BTM
108,11330000,KZR
109,11510000,SDY
110,11690000,KYZ
111,11870000,ETR
112,12050000,KYP
113,12230000,WYA
114,12410000,BUL
115,12590000,KXU
116,12770000,IAO
117,12950000,WWP
118,13130000,PPN
119,13310000,XFW
120,13490000,BUW
121,13670000,LAI
122,13850000,LAM
123,14030000,PMY
124,14210000,HVD
125,14390000,EXI
126,14570000,LBP
127,14750000,LBF
128,14930000,XMS
129,15110000,LAZ
130,15290000,BRQ
131,15470000,BRR
132,15650000,POG
133,15830000,HVR
134,16010000,XKH
135,16190000,HYG
136,16370000,LAR
137,16550000,BSC
138,16730000,TLJ
139,16910000,SFL
140,17090000,XGR
141,17270000,KWF
142,17450000,IAR
143,17630000,KVK
144,17810000,PRH
145,17990000,SDG
146,18170000,PRI
147,18350000,ERN
148,18530000,KTL
149,18710000,ICI
150,18890000,SDE
151,19070000,CAH
152,19250000,SCZ
153,19430000,CAJ
154,19610000,ILR
155,19790000,CAL
156,19970000,WNA
157,20150000,PSM
158,20330000,KSO
159,20510000,WMX
160,20690000,WMR
161,20870000,PRC
162,21050000,BZL
163,21230000,IBA
164,21410000,TMI
165,21590000,KVC
166,21780000,PPV
167,21960000,WSZ
168,22140000,KUZ
169,22320000,BVH
170,22500000,ESL
171,22680000,BVV
172,22860000,BWA
173,23040000,PSS
174,23220000,KUU
175,23400000,WSN
176,23580000,KUO
177,23760000,BXB
178,23940000,BXR
179,24120000,ESD
180,24300000,PQM
181,24480000,ESC
182,24660000,BYO
183,24840000,BWK
184,25020000,VEL
185,25200000,KID
186,25380000,QFG
187,25560000,IRK
188,25740000,DBA
189,25920000,IRP
190,26100000,JOS
191,26280000,UIP
192,26460000,UIN
193,26640000,JOL
194,26820000,JOE
195,27000000,TRR
196,27180000,IRZ
197,27360000,RGK
198,27540000,RGS
199,27720000,RHD
200,27910000,UGB
201,28090000,DEE
202,28270000,DEF
203,28450000,UEO
204,28630000,IRJ
205,28810000,JQE
206,28990000,RES
207,29170000,TRE
208,29350000,EAT
209,29540000,RDC
210,29720000,CYP
211,29900000,UNN
212,30080000,JUK
213,30260000,CYZ
214,30440000,CZE
215,30620000,EAR
216,30800000,TRU
217,30980000,RDD
218,31160000,CZS
219,31340000,EAE
220,31520000,RDV
221,31710000,IRC
222,31890000,ULO
223,32070000,TQI
224,32250000,ULG
225,32430000,TQL
226,32610000,ULZ
227,32790000,UDJ
228,32970000,RVD
229,33150000,JKR
230,33330000,JBR
231,33510000,RTA
232,33690000,RNN
233,33870000,JAU
234,34050000,TWF
235,34230000,ROI
236,34410000,IZO
237,34590000,DPO
238,34770000,TTU
239,34950000,ROO
240,35130000,IWJ
241,35310000,DND
242,35490000,IWK
243,35670000,TUR
244,35850000,RRG
245,36030000,RRS
246,36210000,DOB
247,36390000,RSA
248,36570000,TVF
249,36750000,RCY
250,36930000,TTT
251,37110000,RUA
252,37290000,RIB
253,37470000,RUT
254,37650000,DHI
255,37830000,ISE
256,38010000,RIW
257,38190000,JJA
258,38370000,RJH
259,38550000,RJL
260,38730000,RMP
261,38910000,DIJ
262,39090000,RKA
263,39270000,DIN
264,39450000,RKD
265,39630000,TTA
266,39810000,DIW
267,39990000,TTJ
268,40170000,JGA
269,40350000,TTQ
270,40530000,RUS
271,40710000,ILY
272,40890000,RCM
273,41070000,EAU
274,41250000,KGT
275,41430000,EKO
276,41610000,CNM
277,41790000,EJH
278,41970000,VBV
279,42150000,KGP
280,42330000,CNY
281,42510000,QUB
282,42690000,QUO
283,42880000,QUV
284,43060000,EJA
285,43240000,TNN
286,43420000,KGC
287,43600000,KFS
288,43780000,CPC
289,43960000,CPD
290,44140000,KFP
291,44320000,CND
292,44500000,CMX
293,44680000,KHD
294,44860000,CMU
295,45040000,CKX
296,45220000,SAX
297,45400000,CKZ
298,45580000,CLD
299,45760000,XTG
300,45940000,VDM
301,46140000,KHZ
302,46320000,CLM
303,46500000,KEW
304,46680000,KHY
305,46860000,KHS
306,47040000,ELC
307,47220000,VDB
308,47400000,QJH
309,47580000,CMG
310,47760000,VCT
311,47950000,QOQ
312,48130000,EKS
313,48320000,QFN
314,48500000,KET
315,48680000,KEP
316,48870000,EGX
317,49050000,TOU
318,49230000,KBC
319,49410000,KAZ
320,49590000,CUM
321,49770000,KAW
322,49950000,IPI
323,50130000,KAT
324,50310000,URS
325,50490000,TOG
326,50670000,KAO
327,50850000,RCB
328,51030000,EBH
329,51210000,URE
330,51390000,KAE
331,51570000,KAD
332,51750000,KAA
333,51930000,CXF
334,52110000,CXH
335,52290000,URG
336,52470000,RCH
337,52650000,UST
338,52830000,CTM
339,53010000,EGS
340,53190000,CPX
341,53370000,KDU
342,53550000,UYU
343,53740000,TNW
344,53920000,RAH
345,54100000,EGE
346,54290000,KCQ
347,54470000,IOQ
348,54650000,UTT
349,54830000,CSH
350,55010000,CSK
351,55190000,UTS
352,55380000,KCL
353,55560000,KCK
354,55740000,CTC
355,55930000,KCG
356,56110000,EDO
357,56290000,KCO
358,56470000,YAA
359,56650000,TKP
360,56850000,TKJ
361,57030000,NVK
362,57210000,ANS
363,57390000,GFN
364,57570000,NYI
365,57750000,AOE
366,57930000,OAG
367,58110000,OAL
368,58290000,MKP
369,58470000,SRA
370,58650000,SPB
371,58830000,AOQ
372,59010000,MKG
373,59200000,AOS
374,59380000,APF
375,59560000,OBY
376,59740000,MJU
377,59920000,SNV
378,60100000,GDZ
379,60280000,SOM
380,60460000,AQA
381,60640000,SZI
382,60820000,GGW
383,61000000,MOD
384,61180000,SYQ
385,61360000,MNT
386,61540000,MNS
387,61720000,NTQ
388,61900000,MNA
389,62080000,NTX
390,62280000,SSB
391,62460000,ANG
392,62640000,GIL
393,62820000,ALW
394,63000000,MMO
395,63180000,SRV
396,63360000,SRK
397,63540000,GHT
398,63730000,GHE
399,63920000,MLY
400,64100000,HAC
401,64280000,YXH
402,64460000,MOI
403,64640000,YUB
404,64820000,GDV
405,65000000,MGH
406,65180000,ATD
407,65360000,GCH
408,65540000,TBP
409,65720000,TBT
410,65900000,MFU
411,66080000,YRA
412,66260000,OIM
413,66440000,ATA
414,66620000,OKL
415,66800000,OLC
416,66980000,OLF
417,67160000,GBB
418,67340000,AUG
419,67520000,MEI
420,67700000,OLL
421,67880000,GAO
422,68060000,IXG
423,68240000,OLA
424,68420000,HDM
425,68600000,OGZ
426,68780000,YSG
427,68960000,HDN
428,69140000,ARC
429,69320000,SNO
430,69500000,ODY
431,69680000,ARK
432,69860000,OER
433,70040000,OGD
434,70220000,OGL
435,70400000,TBN
436,70580000,OGM
437,70760000,MHG
438,70940000,OGS
439,71120000,MHC
440,71300000,GDE
441,71480000,GCW
442,71660000,GCN
443,71840000,MGT
444,72020000,MGS
445,72200000,ARW
446,72380000,YQL
447,72560000,GJA
448,72740000,YYF
449,72930000,NKI
450,73110000,ZOS
451,73290000,NLD
452,73470000,MWF
453,73650000,MWA
454,73830000,ZMT
455,74010000,SVZ
456,74190000,MVR
457,74370000,NIQ
458,74560000,ACU
459,74740000,NAW
460,74920000,SXI
461,75100000,ACZ
462,75280000,MUK
463,75460000,SXK
464,75640000,MUE
465,75840000,SXO
466,76030000,GNU
467,76210000,NLG
468,76390000,ADK
469,76570000,SUK
470,76750000,SUR
471,76930000,NAJ
472,77110000,NAH
473,77290000,MZW
474,77470000,SVC
475,77650000,MZL
476,77830000,AAX
477,78010000,GPB
478,78190000,GRV
479,78370000,NIB
480,78550000,NGE
481,78730000,MYU
482,78910000,NGK
483,79090000,MYQ
484,79270000,SVR
485,79450000,ABM
486,79630000,GRW
487,79810000,ABR
488,79990000,ABS
489,80170000,MYW
490,80350000,SYO
491,80530000,MTS
492,80710000,MTJ
493,80890000,AHN
494,81070000,YZR
495,81260000,AHU
496,81440000,GMA
497,81620000,GVR
498,81800000,GLO
499,81980000,YZP
500,82170000,MQH
501,82350000,GMO
502,82530000,GWL
503,82710000,MPN
504,82890000,SSY
505,83070000,AKB
506,83250000,GLH
507,83430000,SSR
508,83630000,SYB
509,83810000,AKK
510,83990000,GYA
511,84180000,MPP
512,84360000,ZFM
513,84540000,NQU
514,84720000,GMR
515,84900000,MSZ
516,85090000,GNM
517,85270000,ZDY
518,85450000,MSU
519,85630000,ZBL
520,85810000,AEY
521,85990000,NOB
522,86170000,AFL
523,86350000,AGX
524,86530000,AFZ
525,86710000,AGB
526,86890000,MSS
527,87070000,NOP
528,87250000,MSL
529,87430000,AGN
530,87610000,GMZ
531,87790000,MRZ
532,87970000,YZZ
533,88150000,GUC
534,88330000,MEE
535,88510000,AUR
536,88690000,AUY
537,88870000,BJI
538,89050000,LOE
539,89230000,YGZ
540,89410000,FMA
541,89590000,HNM
542,89770000,LNS
543,89950000,TGP
544,90130000,HOB
545,90310000,LMN
546,90490000,BKM
547,90670000,PEZ
548,90850000,TGR
549,91030000,LMC
550,91210000,THD
551,91390000,LMA
552,91570000,BKZ
553,91750000,YGK
554,91930000,TGK
555,92110000,BJB
556,92290000,SJI
557,92470000,PES
558,92650000,LSY
559,92830000,OLP
560,93010000,LSA
561,93190000,FOE
562,93370000,SJL
563,93550000,PDT
564,93730000,BHR
565,93910000,LQM
566,94110000,BLD
567,94290000,YIE
568,94470000,LPT
569,94650000,LPS
570,94840000,PEC
571,95020000,TGC
572,95200000,TGH
573,95380000,TGI
574,95560000,LPD
575,95740000,BIR
576,95920000,LPY
577,96100000,HOE
578,96280000,LLB
579,96460000,PFQ
580,96640000,PJG
581,96820000,YBR
582,97010000,PKA
583,97190000,PKB
584,97370000,TIU
585,97550000,LFR
586,97730000,PKR
587,97910000,LEQ
588,98090000,SHC
589,98270000,LEN
590,98450000,BPL
591,98630000,LEH
592,98810000,SGG
593,98990000,LEC
594,99180000,TKE
595,99360000,LDU
596,99540000,SGD
597,99720000,LCX
598,99900000,PLN
599,100080000,LTD
600,100260000,SHL
601,100440000,THX
602,100620000,SIC
603,100800000,YFJ
604,100980000,FJR
605,101160000,BLV
606,101340000,LKG
607,101520000,LKB
608,101700000,YES
609,101880000,THN
610,102060000,LGQ
611,102240000,THS
612,102420000,SHR
613,102600000,SHM
614,102780000,BNB
615,102960000,PHW
616,103140000,PIB
617,103320000,PIH
618,103500000,PIN
619,103690000,PIP
620,103870000,BMW
621,104050000,LTI
622,104230000,TEQ
623,104410000,TUI
624,104590000,BAZ
625,104770000,FUN
626,104950000,OST
627,105130000,OSW
628,105320000,OTD
629,105500000,YPC
630,105680000,HIB
631,105860000,MAQ
632,106040000,BCI
633,106220000,HID
634,106400000,YOG
635,106580000,PBU
636,106760000,TCO
637,106940000,SLM
638,107120000,YNY
639,107300000,SLK
640,107480000,YOL
641,107660000,HJR
642,107840000,SLN
643,108020000,YPL
644,108200000,TBW
645,108380000,HGN
646,108560000,MCM
647,108740000,MCK
648,108920000,TCD
649,109100000,FVM
650,109280000,AXK
651,109460000,MAZ
652,109640000,YPW
653,109820000,ONJ
654,110000000,MBT
655,110180000,MBL
656,110360000,YPO
657,110540000,MBI
658,110720000,MBE
659,110900000,FUT
660,111080000,MCE
661,111260000,BDP
662,111440000,OND
663,111620000,HKB
664,111800000,SKE
665,111990000,BFQ
666,112170000,YKT
667,112350000,BFV
668,112530000,YKM
669,112710000,LUO
670,112890000,OMD
671,113070000,LUR
672,113260000,MEB
673,113450000,FRD
674,113640000,LUD
675,113820000,TEE
676,114000000,LTO
677,114180000,MEC
678,114360000,YJT
679,114540000,BHB
680,114720000,LUH
681,114900000,YLC
682,115080000,SKO
683,115260000,MDU
684,115440000,TCR
685,115620000,BDU
686,115800000,PAF
687,115990000,TCT
688,116170000,LXG
689,116350000,SLX
690,116530000,PAH
691,116710000,HKK
692,116890000,LWN
693,117070000,YLL
694,117250000,TDX
695,117430000,OMO
696,117610000,PAV
697,117790000,YLE
698,117970000,TEB
699,118150000,BFF
700,118330000,AVV
701,118520000,AXR
702,118700000,MCV
703,118870000,EOI
704,119040000,GAF
705,119210000,SHD
706,119380000,TID
707,119550000,SAB
708,119730000,FLS
709,119910000,SPD
710,120080000,GMB
711,120260000,EDA
712,120430000,FRE
713,120600000,TFI
714,120770000,SCM
715,120940000,IVL
716,121130000,HOI
717,121300000,LUQ
718,121490000,KCC
719,121660000,PNA
720,121830000,PBZ
721,122000000,YYU
722,122170000,ORX
723,122340000,AIU
724,122510000,ORI
725,122690000,POJ
726,122860000,ASV
727,123030000,YVZ
728,123200000,CUQ
729,123370000,LOK
730,123540000,ZBF
731,123720000,QBC
732,123890000,JIM
733,124060000,BJR
734,124250000,CKD
735,124420000,BKQ
736,124600000,OIA
737,124770000,DJG
738,124950000,MUW
739,125120000,AAY
740,125300000,AMH
741,125470000,OLH
742,125640000,CHY
743,125820000,ASO
744,126000000,ZIG
745,126170000,BMY
746,126350000,BKW
747,126510000,LZC
748,126670000,LYB
749,126830000,LYP
750,126990000,OZH
751,127150000,LYH
752,127310000,OWB
753,127470000,OTH
754,127630000,IXD
755,127790000,ORZ
756,127950000,ORH
757,128140000,SLQ
758,128300000,SLW
759,128460000,HGR
760,128620000,ORB
761,128780000,ONQ
762,128940000,OMR
763,129100000,MEG
764,129260000,HFS
765,129420000,MAM
766,129580000,MCN
767,129740000,LUW
768,129900000,SLI
769,130060000,HOM
770,130220000,LLK
771,130380000,LLU
772,130540000,LMT
773,130700000,LNB
774,130860000,LNJ
775,131020000,PEU
776,131180000,LOD
777,131340000,SJE
778,131500000,LOH
779,131660000,LPI
780,131820000,PED
781,131980000,HMV
782,132140000,OZZ
783,132300000,LPM
784,132460000,PDS
785,132620000,LRT
786,132780000,SJT
787,132940000,SJZ
788,133100000,LTX
789,133260000,LUG
790,133420000,PBL
791,133580000,PBJ
792,133740000,PBD
793,133900000,SKX
794,134060000,LWB
795,134220000,PAS
796,134380000,PAG
797,134540000,PDV
798,134700000,MGB
799,134880000,MGZ
800,135040000,OHH
801,135200000,MOQ
802,135360000,NSQ
803,135520000,GXH
804,135680000,MOU
805,135840000,MPA
806,136000000,NSH
807,136160000,MQF
808,136320000,MQJ
809,136480000,STC
810,136640000,NRK
811,136800000,NRA
812,136960000,MRD
813,137120000,MRX
814,137280000,NOZ
815,137440000,MSJ
816,137600000,NNT
817,137760000,MTT
818,137920000,NNB
819,138080000,NLT
820,138240000,MVT
821,138400000,MXV
822,138560000,SUJ
823,138720000,MXX
824,138880000,MYA
825,139040000,SUX
826,139200000,MYG
827,139360000,NGQ
828,139520000,MZH
829,139700000,NDU
830,139860000,NST
831,140020000,SML
832,140180000,NTN
833,140340000,SRX
834,140500000,HFA
835,140660000,SMX
836,140820000,MGW
837,140980000,LKL
838,141140000,SNE
839,141300000,MII
840,141460000,HDS
841,141620000,ODO
842,141780000,MIS
843,141940000,MJD
844,142100000,MJM
845,142260000,ODN
846,142420000,SNW
847,142580000,HBX
848,142740000,MKL
849,142900000,SOY
850,143060000,MKM
851,143220000,HAQ
852,143380000,NYT
853,143540000,SPS
854,143700000,MLL
855,143860000,NVA
856,144020000,MLO
857,144180000,MLW
858,144340000,HAA
859,144500000,NUP
860,144660000,MMH
861,144820000,MMJ
862,144980000,MMU
863,145140000,NUI
864,145300000,HOT
865,145460000,PGX
866,145620000,SHW
867,145780000,RCE
868,145940000,IPT
869,146100000,IPL
870,146260000,KAJ
871,146420000,RBV
872,146580000,IPH
873,146740000,IPC
874,146900000,KBU
875,147060000,RBQ
876,147220000,IOT
877,147380000,KCA
878,147540000,RVV
879,147700000,IOA
880,147860000,INL
881,148040000,JUU
882,148200000,RZR
883,148360000,KDM
884,148520000,IMT
885,148680000,KDO
886,148840000,KDV
887,149000000,RAE
888,149160000,SAE
889,149320000,QUW
890,149480000,KGE
891,149640000,KGQ
892,149800000,QRW
893,149960000,QOW
894,150140000,KHQ
895,150300000,KIF
896,150460000,KIM
897,150640000,KCT
898,150800000,RVN
899,150960000,JUJ
900,151120000,RVE
901,151280000,ROW
902,151440000,ROP
903,151600000,IZA
904,151760000,JAC
905,151920000,IVC
906,152080000,IUI
907,152240000,JAL
908,152400000,RNL
909,152580000,JCK
910,152740000,ITB
911,152900000,RNA
912,153060000,RMT
913,153220000,JFR
914,153380000,JHM
915,153540000,JHW
916,153700000,ISN
917,153860000,JKG
918,154020000,RDN
919,154180000,JSY
920,154340000,JSU
921,154500000,JST
922,154670000,IRG
923,154830000,JSI
924,154990000,PZH
925,155150000,JQA
926,155310000,RET
927,155470000,RGA
928,155630000,JNX
929,155810000,RHI
930,155970000,JLN
931,156130000,RIG
932,156290000,JPR
933,156460000,HPB
934,156620000,KKC
935,156780000,KNS
936,156940000,PPB
937,157100000,LAO
938,157260000,POI
939,157420000,SFN
940,157580000,LAW
941,157740000,HVN
942,157900000,LBS
943,158060000,HVB
944,158220000,HUU
945,158380000,LCK
946,158540000,HUS
947,158700000,LCR
948,158860000,LDS
949,159020000,LEB
950,159180000,KZS
951,159340000,PLO
952,159500000,SGU
953,159660000,SHB
954,159820000,PKE
955,159980000,LGI
956,160140000,HRO
957,160300000,HRM
958,160460000,PJA
959,160620000,LGL
960,160780000,PIZ
961,160940000,PIU
962,161100000,PHB
963,161260000,RSD
964,161420000,PGV
965,161580000,LKH
966,161740000,SGO
967,161900000,PPK
968,162060000,SDP
969,162220000,IAM
970,162380000,IKS
971,162540000,PUW
972,162720000,KOC
973,162880000,KOP
974,163040000,KOV
975,163200000,IKI
976,163380000,IKE
977,163550000,KOZ
978,163710000,KRO
979,163870000,KRY
980,164030000,KSA
981,164190000,IGD
982,164350000,KSD
983,164530000,IGA
984,164690000,IFO
985,164850000,SCT
986,165010000,KSF
987,165170000,KYU
988,165330000,KWM
989,165490000,PPQ
990,165650000,SDN
991,165810000,KUV
992,165970000,PQI
993,166130000,KND
994,166310000,KUK
995,166470000,KUD
996,166650000,KTT
997,166810000,PSE
998,166970000,KTG
999,167130000,KTE
1000,167290000,PSG
1001,167450000,PRA
1002,167610000,SVI
1003,167770000,SWJ
1004,167930000,WIC
1005,168090000,CCM
1006,168250000,WKJ
1007,168410000,WIN
1008,168570000,SVL
1009,168730000,CEC
1010,168890000,CEG
1011,169050000,WEI
1012,169210000,WBQ
1013,169370000,CFC
1014,169530000,CFN
1015,169690000,WAT
1016,169850000,WLK
1017,170010000,WAE
1018,170170000,VUP
1019,170330000,VLV
1020,170490000,VKT
1021,170650000,CIK
1022,170810000,CJA
1023,170990000,VHC
1024,171150000,CJL
1025,171310000,CKH
1026,171490000,VEE
1027,171650000,VDZ
1028,171810000,VDH
1029,171970000,VXC
1030,172130000,CBT
1031,172290000,CBQ
1032,172450000,WNH
1033,172610000,XSC
1034,172770000,XSB
1035,172930000,BRL
1036,173090000,XKS
1037,173250000,BSD
1038,173410000,BSG
1039,173570000,BSO
1040,173730000,BTI
1041,173890000,XCR
1042,174070000,XCH
1043,174230000,XBJ
1044,174390000,BUC
1045,174550000,WWT
1046,174710000,BUN
1047,174880000,BUX
1048,175040000,WTL
1049,175200000,BVI
1050,175380000,WSX
1051,175560000,BYN
1052,175720000,WRY
1053,175880000,BZO
1054,176060000,WRG
1055,176220000,WRE
1056,176400000,WNR
1057,176560000,WNP
1058,176720000,CLV
1059,176920000,CMA
1060,177080000,VCS
1061,177240000,VCL
1062,177400000,DCN
1063,177560000,DEB
1064,177720000,DEC
1065,177920000,DHB
1066,178080000,DHM
1067,178240000,DIK
1068,178420000,DIU
1069,178580000,UAQ
1070,178760000,TYF
1071,178920000,TXK
1072,179080000,DLY
1073,179260000,TVY
1074,179420000,DMU
1075,179580000,DNZ
1076,179760000,TUP
1077,179920000,TUO
1078,180080000,DOL
1079,180240000,TUC
1080,180420000,DRV
1081,180600000,DSK
1082,180760000,TST
1083,180920000,TSH
1084,181080000,DUJ
1085,181260000,TRO
1086,181420000,DWD
1087,181580000,DBQ
1088,181760000,BRD
1089,181920000,UKS
1090,182080000,UKX
1091,182260000,CNP
1092,182420000,COD
1093,182590000,VAO
1094,182780000,VAK
1095,182940000,CPE
1096,183100000,CPV
1097,183260000,CRA
1098,183420000,CRI
1099,183580000,UYL
1100,183740000,UVE
1101,183900000,CRM
1102,184060000,CSY
1103,184220000,UTP
1104,184380000,UTN
1105,184540000,USK
1106,184700000,URY
1107,184860000,CVM
1108,185020000,CVU
1109,185180000,UPN
1110,185360000,UPK
1111,185520000,CYX
1112,185680000,CZU
1113,185840000,ULV
1114,186020000,ULP
1115,186180000,ULH
1116,186340000,DAV
1117,186500000,DYR
1118,186660000,YAB
1119,186820000,BPT
1120,186980000,AJR
1121,187140000,AKV
1122,187300000,YYB
1123,187460000,YXX
1124,187620000,ALO
1125,187790000,YWP
1126,187950000,YWJ
1127,188130000,YWH
1128,188290000,YWB
1129,188450000,YVM
1130,188610000,ANR
1131,188790000,YZG
1132,188970000,AOO
1133,189130000,APN
1134,189290000,AQI
1135,189450000,AQJ
1136,189610000,YTQ
1137,189770000,ARM
1138,189930000,ARU
1139,190090000,YSY
1140,190250000,ASE
1141,190410000,ASJ
1142,190570000,YRG
1143,190730000,ATK
1144,190890000,YUS
1145,191050000,AJI
1146,191210000,AJF
1147,191390000,AIN
1148,191550000,AAN
1149,191710000,ZUM
1150,191870000,AAT
1151,192030000,ABB
1152,192190000,ZTB
1153,192350000,ABI
1154,192510000,ZQZ
1155,192670000,ZPB
1156,192830000,ZNE
1157,192990000,ACH
1158,193150000,ACI
1159,193350000,ACR
1160,193510000,ACT
1161,193690000,ZLT
1162,193850000,ZKG
1163,194010000,ZKE
1164,194170000,ZHY
1165,194330000,ADF
1166,194510000,ZFN
1167,194670000,ZEM
1168,194850000,AFA
1169,195010000,AGF
1170,195180000,ZAL
1171,195350000,AGR
1172,195510000,YZT
1173,195710000,YRB
1174,195890000,ATT
1175,196050000,YQY
1176,196210000,AUC
1177,196390000,BHS
1178,196550000,BHU
1179,196710000,YHP
1180,196870000,BIM
1181,197030000,YGX
1182,197190000,BJZ
1183,197350000,YGP
1184,197540000,BKY
1185,197720000,BLE
1186,197880000,YGH
1187,198040000,YFS
1188,198220000,YFA
1189,198380000,YDQ
1190,198560000,BNC
1191,198720000,BNI
1192,198880000,YCL
1193,199040000,YCG
1194,199200000,BNS
1195,199380000,BNY
1196,199540000,YCD
1197,199740000,YAT
1198,199900000,YAP
1199,200060000,YAK
1200,200220000,BOY
1201,200380000,YAC
1202,200580000,YIK
1203,200740000,BQL
1204,200900000,BHJ
1205,201100000,BFI
1206,201260000,AUK
1207,201440000,AUU
1208,201600000,AVN
1209,201760000,AWD
1210,201920000,AXM
1211,202100000,AXP
1212,202280000,YQC
1213,202440000,AXU
1214,202600000,AYP
1215,202760000,YPY
1216,202920000,YPR
1217,203080000,YPN
1218,203240000,BAY
1219,203400000,BBN
1220,203560000,YOP
1221,203740000,YOJ
1222,203900000,BDB
1223,204060000,BDH
1224,204220000,YNS
1225,204400000,YNO
1226,204560000,BEB
1227,204740000,YNC
1228,204940000,BEU
1229,205120000,YLH
1230,205300000,BFD
1231,205460000,BGG
1232,205620000,DZN
1233,205780000,NAV
1234,205940000,FRW
1235,206120000,EVG
1236,206280000,TGJ
1237,206440000,ELG
1238,206620000,TME
1239,206800000,FTA
1240,206980000,SXP
1241,207140000,TMJ
1242,207300000,FTU
1243,207460000,ERL
1244,207620000,TCQ
1245,207780000,TCG
1246,207940000,FUO
1247,208100000,TCB
1248,208260000,FLO
1249,208430000,GAE
1250,208590000,TBB
1251,208750000,GDQ
1252,208910000,TAY
1253,209080000,GLN
1254,209240000,TAP
1255,209410000,GEL
1256,209570000,EMD
1257,209750000,GKK
1258,209910000,EGN
1259,210090000,GFF
1260,210250000,GGG
1261,210410000,GIS
1262,210570000,SZE
1263,210730000,GCK
1264,210910000,EDR
1265,211070000,ELF
1266,211230000,TKS
1267,211390000,TKK
1268,211550000,EYP
1269,211730000,THU
1270,211890000,FLA
1271,212050000,SVP
1272,212210000,GOU
1273,212390000,SVS
1274,212550000,GOQ
1275,212730000,FKL
1276,212890000,EBJ
1277,213070000,FBS
1278,213230000,GPI
1279,213410000,TQA
1280,213570000,FAV
1281,213730000,TIR
1282,213890000,TKD
1283,214050000,FLG
1284,214210000,GPS
1285,214370000,GOP
1286,214520000,CYO
1287,214690000,CYB
1288,214840000,TIH
1289,215000000,MEU
1290,215150000,HYA
1291,215300000,SOJ
1292,215470000,ULB
1293,215620000,WTK
1294,215770000,SPI
1295,215940000,TNK
1296,216090000,DEA
1297,216250000,JNS
1298,216400000,CAB
1299,216580000,WNN
1300,216730000,EPR
1301,216910000,MDK
1302,217080000,TKX
1303,217230000,KNG
1304,217380000,YAX
1305,217540000,BOC
1306,217690000,HVG
1307,217850000,YER
1308,218000000,CIJ
1309,218150000,JYV
1310,218340000,LKE
1311,218510000,CKB
1312,218660000,ERM
1313,218810000,PND
1314,218970000,FKI
1315,219130000,KEM
1316,219280000,EWB
1317,219430000,FDE
1318,219580000,KIS
1319,219730000,YAG
1320,219880000,HSG
1321,220040000,AET
1322,220190000,INZ
1323,220340000,NLK
1324,220500000,NME
1325,220660000,AIT
1326,220830000,TUB
1327,220990000,AHE
1328,221140000,MOF
1329,221300000,RVT
1330,221480000,RUR
1331,221650000,NDY
1332,221820000,ZRJ
1333,221970000,SVK
1334,222140000,ELD
1335,222300000,YHI
1336,222480000,LIF
1337,222620000,SJK
1338,222760000,BNX
1339,222900000,SVU
1340,223040000,MTV
1341,223220000,ZEL
1342,223360000,YBX
1343,223520000,YAY
1344,223660000,HNH
1345,223800000,FSP
1346,223940000,LFM
1347,224080000,LPP
1348,224220000,PKY
1349,224360000,EAS
1350,224500000,YHY
1351,224660000,GST
1352,224820000,ZGU
1353,224960000,FON
1354,225100000,PHS
1355,225260000,SLH
1356,225400000,GTR
1357,225540000,LNK
1358,225700000,LNE
1359,225840000,LMP
1360,226000000,YGR
1361,226140000,SKU
1362,226280000,YGL
1363,226420000,FRS
1364,226610000,LLI
1365,226750000,AEB
1366,226890000,LLF
1367,227050000,LKN
1368,227230000,YFH
1369,227370000,ADU
1370,227510000,BPX
1371,227650000,PEM
1372,227790000,MTM
1373,227930000,MTR
1374,228070000,BMU
1375,228230000,YGV
1376,228370000,SUG
1377,228510000,AOG
1378,228710000,GOM
1379,228850000,FEN
1380,228990000,ZSE
1381,229130000,SHH
1382,229270000,KWT
1383,229410000,WVB
1384,229550000,PPP
1385,229690000,SHG
1386,229830000,WUZ
1387,229990000,ZSJ
1388,230150000,KWA
1389,230290000,KVX
1390,230450000,KVL
1391,230610000,SVJ
1392,230750000,BVB
1393,230890000,AAQ
1394,231030000,ZVK
1395,231190000,NBX
1396,231370000,NAQ
1397,231530000,PPW
1398,231670000,ABT
1399,231810000,POR
1400,231950000,SHX
1401,232090000,LAQ
1402,232230000,PLQ
1403,232370000,BQB
1404,232510000,ZCO
1405,232650000,LDH
1406,232790000,PLX
1407,232950000,ACV
1408,233090000,HOF
1409,233230000,MVP
1410,233370000,GPA
1411,233510000,LEA
1412,233650000,LCH
1413,233790000,PMZ
1414,233930000,MXH
1415,234070000,HON
1416,234270000,PNI
1417,234410000,LBE
1418,234550000,PNL
1419,234690000,BRO
1420,234850000,XMH
1421,234990000,SVB
1422,235130000,SIT
1423,235270000,BQK
1424,235410000,HJJ
1425,235550000,MLG
1426,235690000,SYM
1427,235850000,AKY
1428,235990000,MOC
1429,236130000,ATY
1430,236270000,HCR
1431,236430000,YYE
1432,236570000,MOV
1433,236710000,YQX
1434,236850000,AKI
1435,236990000,ATC
1436,237130000,AKF
1437,237290000,YQK
1438,237430000,OMH
1439,237570000,YQG
1440,237710000,MDQ
1441,237850000,YQF
1442,238030000,NRL
1443,238210000,ONG
1444,238350000,AXD
1445,238490000,SNP
1446,238630000,GWD
1447,238770000,OHE
1448,238910000,YSJ
1449,239050000,YSK
1450,239190000,OBO
1451,239360000,ANV
1452,239520000,SZA
1453,239660000,MKQ
1454,239800000,ANM
1455,239940000,SRP
1456,240100000,OBU
1457,240240000,MME
1458,240380000,YUM
1459,240540000,OCC
1460,240720000,GIU
1461,240860000,MJN
1462,241020000,YUD
1463,241160000,SPP
1464,241320000,MIM
1465,241470000,NUL
1466,241610000,YTE
1467,241770000,ALH
1468,241910000,GET
1469,242050000,TAG
1470,242230000,MNG
1471,242420000,OOK
1472,242560000,MQT
1473,242700000,OPS
1474,242840000,MCP
1475,243000000,YMO
1476,243140000,YZY
1477,243300000,STG
1478,243440000,STV
1479,243610000,LUV
1480,243750000,BGF
1481,243890000,ZAT
1482,244030000,HIN
1483,244190000,NOV
1484,244330000,PBO
1485,244490000,LUK
1486,244650000,YKG
1487,244790000,YKF
1488,244930000,YIO
1489,245070000,BHE
1490,245210000,BHH
1491,245350000,AGH
1492,245490000,PCR
1493,245630000,MSR
1494,245770000,LSE
1495,245910000,PDA
1496,246070000,LWY
1497,246210000,PDP
1498,246370000,YMT
1499,246510000,NPE
1500,246670000,HEK
1501,246830000,TBI
1502,246970000,SMS
1503,247110000,AZN
1504,247270000,BWT
1505,247450000,MQX
1506,247590000,BAL
1507,247770000,YPJ
1508,247910000,MAU
1509,248050000,BAX
1510,248190000,OSD
1511,248330000,AIA
1512,248470000,GCC
1513,248610000,OSM
1514,248750000,OSY
1515,248890000,OUZ
1516,249030000,SMA
1517,249190000,GAN
1518,249330000,LYR
1519,249470000,GAJ
1520,249610000,NPL
1521,249750000,BEJ
1522,249890000,ORU
1523,250050000,RVK
1524,250210000,RKS
1525,250350000,KKJ
1526,250550000,KKI
1527,250700000,KKH
1528,250840000,VIG
1529,250980000,JHS
1530,251150000,INB
1531,251290000,DIR
1532,251450000,SDV
1533,251620000,TLT
1534,251760000,VGA
1535,251940000,JIJ
1536,252080000,UBJ
1537,252220000,RJA
1538,252360000,DHN
1539,252500000,TMC
1540,252640000,UBP
1541,252780000,CLL
1542,252920000,VIL
1543,253060000,TLN
1544,253200000,UAP
1545,253340000,HZH
1546,253480000,DLE
1547,253660000,JCB
1548,253800000,CHG
1549,253940000,PVU
1550,254080000,PWQ
1551,254220000,RNB
1552,254360000,TYR
1553,254500000,VLD
1554,254640000,JLR
1555,254780000,TZL
1556,254920000,KLW
1557,255060000,PXO
1558,255220000,UAH
1559,255380000,JEG
1560,255520000,RMI
1561,255660000,PXU
1562,255800000,RMA
1563,255940000,KLR
1564,256080000,PXM
1565,256220000,JBQ
1566,256360000,ESU
1567,256500000,VDE
1568,256640000,ERC
1569,256800000,CZH
1570,256940000,CYF
1571,257080000,ENA
1572,257220000,CXJ
1573,257360000,EQS
1574,257530000,PQS
1575,257670000,CSG
1576,257810000,KCM
1577,257950000,RAJ
1578,258090000,CXB
1579,258230000,URA
1580,258370000,USU
1581,258530000,KAL
1582,258670000,CUE
1583,258810000,URJ
1584,258950000,USN
1585,259090000,TML
1586,259250000,JTC
1587,259390000,TNJ
1588,259530000,JSR
1589,259670000,ESM
1590,259810000,CME
1591,259950000,UEL
1592,260090000,IBE
1593,260230000,CMW
1594,260430000,KGX
1595,260590000,VCA
1596,260730000,UIH
1597,260870000,CLQ
1598,261070000,ERS
1599,261230000,DCM
1600,261370000,SDD
1601,261510000,DBO
1602,261670000,KGA
1603,261810000,UKA
1604,261950000,VAI
1605,262090000,CPR
1606,262230000,KEJ
1607,262370000,VAW
1608,262510000,DLG
1609,262650000,ENU
1610,262790000,INH
1611,262930000,EEK
1612,263090000,CDV
1613,263260000,CDR
1614,263400000,DOU
1615,263540000,KRN
1616,263680000,HUX
1617,263820000,RSU
1618,263960000,TUG
1619,264100000,DRK
1620,264260000,IPA
1621,264400000,TSJ
1622,264540000,CBO
1623,264740000,TOH
1624,264900000,ISC
1625,265040000,PSO
1626,265180000,KSN
1627,265320000,CAP
1628,265460000,KSY
1629,265600000,TRW
1630,265750000,TIZ
1631,265950000,DUT
1632,266090000,TPQ
1633,266230000,CAC
1634,266370000,TRG
1635,266510000,IPN
1636,266650000,WRL
1637,266790000,BZG
1638,266970000,IRA
1639,267110000,EAM
1640,267250000,RXS
1641,267390000,DNR
1642,267550000,WLS
1643,267710000,KOK
1644,267850000,ROT
1645,267990000,TLA
1646,268170000,DMD
1647,268330000,TOE
1648,268510000,TLE
1649,268650000,SFT
1650,268790000,WGA
1651,268950000,INU
1652,269090000,RYK
1653,269230000,KPO
1654,269400000,KPN
1655,269540000,CFB
1656,269680000,VST
1657,269840000,TVU
1658,270010000,KWK
1659,270160000,FKQ
1660,270290000,SGY
1661,270460000,CCV
1662,270600000,TMU
1663,270730000,VLL
1664,270900000,LRE
1665,271050000,YPH
1666,271200000,EMK
1667,271360000,EDL
1668,271490000,ANX
1669,271620000,DMB
1670,271750000,CAW
1671,271910000,YVB
1672,272040000,UAS
1673,272170000,MKK
1674,272300000,TMS
1675,272430000,MRE
1676,272560000,TGM
1677,272720000,KOT
1678,272880000,HNS
1679,273010000,MOZ
1680,273140000,KYA
1681,273300000,SKN
1682,273440000,AKP
1683,273590000,EGM
1684,273750000,PET
1685,273880000,GLF
1686,274050000,YPM
1687,274190000,LNY
1688,274340000,YHD
1689,274480000,ATM
1690,274610000,JIK
1691,274730000,STD
1692,274850000,RDZ
1693,274970000,MHQ
1694,275110000,ASW
1695,275230000,ABA
1696,275350000,JTY
1697,275470000,YSO
1698,275630000,YSM
1699,275750000,MHK
1700,275870000,AGT
1701,275990000,YQZ
1702,276110000,NOS
1703,276230000,ENH
1704,276350000,NCU
1705,276470000,IJK
1706,276590000,ENE
1707,276750000,GDT
1708,276890000,MEA
1709,277010000,STW
1710,277150000,SOG
1711,277270000,AVA
1712,277390000,AUX
1713,277550000,MSA
1714,277670000,CXI
1715,277830000,AUQ
1716,277950000,ART
1717,278090000,TWB
1718,278210000,YQU
1719,278330000,MZR
1720,278470000,NDB
1721,278590000,DAU
1722,278730000,JGD
1723,278870000,MYT
1724,278990000,TNO
1725,279110000,MLX
1726,279230000,GTO
1727,279350000,RST
1728,279470000,UBA
1729,279590000,YXC
1730,279750000,YXP
1731,279870000,DIL
1732,280000000,RSH
1733,280120000,MQP
1734,280240000,DGT
1735,280360000,MUN
1736,280480000,YYD
1737,280600000,GTE
1738,280720000,YYG
1739,280840000,GLT
1740,280960000,YYH
1741,281080000,URT
1742,281200000,MPH
1743,281360000,MUA
1744,281480000,NSN
1745,281600000,GLK
1746,281720000,GLV
1747,281840000,DPL
1748,281960000,NYA
1749,282100000,UCT
1750,282220000,SQS
1751,282340000,SBP
1752,282460000,APO
1753,282580000,DCY
1754,282700000,GHA
1755,282860000,ABL
1756,282980000,ZSA
1757,283120000,NNM
1758,283300000,NHV
1759,283420000,ABX
1760,283540000,YUT
1761,283660000,YUX
1762,283780000,ABY
1763,283900000,ITH
1764,284020000,MXL
1765,284200000,JNN
1766,284320000,ITO
1767,284480000,RIA
1768,284600000,DRG
1769,284720000,SVA
1770,284840000,DLH
1771,285010000,NYK
1772,285150000,MVY
1773,285270000,SBY
1774,285420000,HSL
1775,285540000,OSI
1776,285660000,EUN
1777,285780000,YDP
1778,285940000,PHO
1779,286100000,YCY
1780,286220000,PIX
1781,286340000,FNI
1782,286460000,LGP
1783,286580000,HLZ
1784,286700000,HNA
1785,286820000,YBG
1786,286940000,KMS
1787,287060000,SFG
1788,287200000,VNX
1789,287320000,YAM
1790,287460000,FLW
1791,287600000,PJM
1792,287720000,YFC
1793,287870000,KLG
1794,287990000,BLJ
1795,288130000,YHR
1796,288250000,BIK
1797,288380000,CKS
1798,288520000,YHO
1799,288640000,YHM
1800,288760000,PZI
1801,288880000,KIT
1802,289020000,BJF
1803,289140000,LNV
1804,289300000,BKC
1805,289420000,BKG
1806,289580000,VHM
1807,289700000,IGR
1808,289820000,HLA
1809,289940000,VIJ
1810,290080000,PUU
1811,290220000,YHU
1812,290340000,CFS
1813,290460000,PMF
1814,290600000,BUA
1815,290760000,WMO
1816,290880000,FAE
1817,291000000,KSJ
1818,291120000,BUQ
1819,291240000,KWJ
1820,291400000,XBE
1821,291520000,KTB
1822,291640000,KVG
1823,291790000,BVG
1824,291910000,TIM
1825,292060000,KTS
1826,292180000,BXU
1827,292300000,BYC
1828,292420000,TJQ
1829,292560000,HUH
1830,292680000,KZO
1831,292800000,BTK
1832,292920000,BQN
1833,293060000,EYK
1834,293180000,LBU
1835,293300000,FKS
1836,293420000,KRF
1837,293580000,LBJ
1838,293700000,LBC
1839,293820000,LAU
1840,293980000,BSA
1841,294100000,HUN
1842,294220000,HUI
1843,294340000,BSK
1844,294480000,HOV
1845,294640000,WMN
1846,294760000,HPH
1847,294880000,CFR
1848,295000000,IAN
1849,295120000,GRI
1850,295240000,FTE
1851,295360000,CPO
1852,295480000,BFN
1853,295620000,YKU
1854,295800000,MAJ
1855,295920000,OSR
1856,296040000,BBK
1857,296160000,KDI
1858,296280000,SMK
1859,296400000,OUL
1860,296520000,SCY
1861,296640000,ERI
1862,296800000,GAM
1863,296920000,FUJ
1864,297040000,OZC
1865,297240000,YNP
1866,297360000,COU
1867,297520000,LYC
1868,297640000,YNG
1869,297840000,YMN
1870,297960000,LRD
1871,298080000,IDA
1872,298200000,HHH
1873,298340000,LWS
1874,298460000,BBA
1875,298580000,KCZ
1876,298700000,KER
1877,298840000,BHI
1878,298960000,CUC
1879,299080000,AYQ
1880,299200000,CMI
1881,299380000,YPX
1882,299500000,COQ
1883,299680000,AZI
1884,299860000,CTL
1885,299980000,TBG
1886,300100000,YIN
1887,300220000,MCX
1888,300340000,IGM
1889,300460000,SMR
1890,300600000,BHQ
1891,300760000,ORV
1892,300880000,BGM
1893,301070000,TMR
1894,301190000,UUA
1895,301310000,VAS
1896,301490000,YIF
1897,301610000,LSP
1898,301720000,HOD
1899,301890000,WAA
1900,302010000,RBY
1901,302180000,BTT
1902,302300000,KQT
1903,302440000,XQP
1904,302590000,UNG
1905,302700000,SVD
1906,302860000,KWN
1907,303020000,TAL
1908,303140000,KVD
1909,303260000,THL
1910,303370000,SBZ
1911,303480000,YFO
1912,303640000,RFP
1913,303750000,TOB
1914,303880000,MJF
1915,304030000,YHK
1916,304150000,SSJ
1917,304260000,HLN
1918,304410000,MQN
1919,304520000,TAB
1920,304660000,FRO
1921,304840000,YTL
1922,304950000,ARI
1923,305130000,GZO
1924,305260000,ELI
1925,305380000,SYY
1926,305540000,NUS
1927,305700000,YGT
1928,305800000,NBS
1929,305900000,RTW
1930,306000000,TOF
1931,306100000,PYJ
1932,306200000,XAP
1933,306300000,YKL
1934,306400000,YXY
1935,306500000,TCZ
1936,306600000,YKA
1937,306720000,YXT
1938,306840000,RBR
1939,306940000,NER
1940,307060000,PQC
1941,307160000,TOL
1942,307300000,YQD
1943,307400000,PEG
1944,307540000,YWL
1945,307640000,YUY
1946,307740000,PZU
1947,307840000,SDL
1948,307940000,RFD
1949,308040000,VOL
1950,308200000,RKV
1951,308300000,TAC
1952,308400000,NOJ
1953,308520000,PKZ
1954,308700000,TFF
1955,308820000,ROK
1956,308940000,YCO
1957,309040000,TEN
1958,309140000,VAA
1959,309280000,PMR
1960,309380000,SCE
1961,309480000,PUF
1962,309580000,TVC
1963,309700000,PFB
1964,309840000,UAK
1965,309940000,PGU
1966,310060000,OVS
1967,310180000,PNP
1968,310290000,PNZ
1969,310390000,PBH
1970,310490000,RLK
1971,310590000,XIC
1972,310690000,VAN
1973,310790000,TUF
1974,310890000,TBU
1975,310990000,RLG
1976,311090000,PGF
1977,311270000,TAH
1978,311400000,USH
1979,311500000,ZYL
1980,311600000,DRO
1981,311750000,MEH
1982,311930000,AGM
1983,312030000,KLV
1984,312150000,BCV
1985,312250000,BQS
1986,312350000,DQA
1987,312480000,KKA
1988,312580000,LDE
1989,312680000,DUD
1990,312780000,BDQ
1991,312880000,KNH
1992,313000000,EBA
1993,313100000,MBS
1994,313200000,EBU
1995,313300000,MCY
1996,313420000,MAS
1997,313520000,BRM
1998,313620000,HTS
1999,313720000,MLN
2000,313820000,DDC
2001,313920000,IBR
2002,314020000,DDG
2003,314120000,MLB
2004,314220000,KDH
2005,314320000,DLI
2006,314420000,IAG
2007,314520000,DED
2008,314620000,BTJ
2009,314760000,HYL
2010,314860000,DGO
2011,315000000,DIE
2012,315100000,HUY
2013,315200000,KGI
2014,315300000,ELS
2015,315430000,BNN
2016,315530000,LZY
2017,315630000,HAS
2018,315730000,LMM
2019,315830000,BGA
2020,315950000,HAD
2021,316050000,BKS
2022,316150000,GXF
2023,316250000,FSM
2024,316410000,LBL
2025,316530000,GFK
2026,316630000,GHB
2027,316730000,GKA
2028,316830000,GNY
2029,316950000,GOV
2030,317050000,LDY
2031,317150000,GES
2032,317250000,AOJ
2033,317350000,BLZ
2034,317450000,FNJ
2035,317550000,ERZ
2036,317650000,BNK
2037,317810000,ETH
2038,317910000,ETZ
2039,318010000,EWN
2040,318130000,LXS
2041,318290000,KSM
2042,318390000,KSQ
2043,318490000,FCA
2044,318590000,LSI
2045,318690000,KUA
2046,318790000,HDF
2047,318890000,KUH
2048,318990000,AOR
2049,319150000,KUS
2050,319250000,DAB
2051,319350000,MMY
2052,319450000,GRJ
2053,319550000,MQM
2054,319690000,JAV
2055,319790000,CRP
2056,319950000,CDB
2057,320050000,CUF
2058,320210000,CGA
2059,320310000,MOT
2060,320410000,JNZ
2061,320510000,MXZ
2062,320650000,MYD
2063,320810000,JSH
2064,320910000,JDO
2065,321010000,BUZ
2066,321110000,CEN
2067,321210000,JOI
2068,321330000,MZG
2069,321430000,CNJ
2070,321530000,CWA
2071,321630000,IXU
2072,321760000,REL
2073,321890000,RGL
2074,321980000,YXN
2075,322070000,BVE
2076,322200000,CCP
2077,322340000,OGX
2078,322430000,AKU
2079,322540000,SKZ
2080,322700000,GUR
2081,322870000,RGI
2082,322960000,ZQW
2083,323060000,SCU
2084,323150000,ENY
2085,323240000,KSC
2086,323370000,SCC
2087,323460000,TKG
2088,323590000,SKK
2089,323690000,BHV
2090,323820000,YTS
2091,323960000,YZS
2092,324080000,TUK
2093,324230000,YSB
2094,324370000,AZR
2095,324460000,APW
2096,324540000,JKH
2097,324630000,WJR
2098,324730000,SLA
2099,324830000,YCS
2100,324910000,TLM
2101,324990000,JKL
2102,325090000,PQQ
2103,325170000,LRR
2104,325250000,LUZ
2105,325410000,LRS
2106,325490000,VQS
2107,325670000,VPE
2108,325750000,EZS
2109,325830000,LUM
2110,325910000,KSH
2111,325990000,BFL
2112,326070000,PCL
2113,326150000,HDY
2114,326230000,PAZ
2115,326310000,HDG
2116,326390000,HEA
2117,326530000,CYS
2118,326610000,PEE
2119,326690000,JIC
2120,326810000,YVQ
2121,326910000,YXJ
2122,326990000,ALS
2123,327070000,GIB
2124,327150000,GIZ
2125,327230000,YIC
2126,327310000,STS
2127,327390000,BJA
2128,327470000,LFT
2129,327550000,BIS
2130,327690000,LET
2131,327770000,SWF
2132,327850000,ATZ
2133,327930000,GRK
2134,328010000,RMF
2135,328090000,PKC
2136,328170000,NAO
2137,328310000,GEV
2138,328390000,TAE
2139,328470000,JDH
2140,328550000,PEI
2141,328730000,YKQ
2142,328810000,SOW
2143,328910000,VXE
2144,328990000,JIU
2145,329130000,LLA
2146,329270000,PGA
2147,329350000,GBT
2148,329430000,SRE
2149,329510000,GZP
2150,329590000,GDX
2151,329670000,SRY
2152,329750000,YXU
2153,329850000,PNK
2154,329990000,WBB
2155,330070000,ABD
2156,330150000,KVA
2157,330230000,MZV
2158,330390000,NKM
2159,330470000,AZS
2160,330630000,ACK
2161,330730000,WWK
2162,330850000,HOR
2163,330930000,UIB
2164,331010000,DOY
2165,331090000,IQN
2166,331190000,ZAM
2167,331270000,BRA
2168,331350000,ACX
2169,331430000,REG
2170,331510000,BUS
2171,331650000,ZGS
2172,331730000,TVS
2173,331810000,AEX
2174,331890000,ZBR
2175,331970000,MFE
2176,332050000,UTH
2177,332150000,MWZ
2178,332230000,OAX
2179,332330000,MQL
2180,332430000,NQY
2181,332530000,DIB
2182,332610000,BCD
2183,332690000,AXA
2184,332770000,NQN
2185,332850000,KIR
2186,332930000,SAF
2187,333010000,HTN
2188,333110000,CUK
2189,333190000,VDC
2190,333350000,YNA
2191,333430000,JUZ
2192,333510000,JXA
2193,333590000,ERF
2194,333670000,ILG
2195,333750000,AJL
2196,333830000,MMB
2197,333910000,MWX
2198,333990000,IXL
2199,334170000,BOB
2200,334250000,HKN
2201,334370000,HME
2202,334450000,ELM
2203,334530000,MLU
2204,334680000,YBK
2205,334760000,YBC
2206,334880000,MCG
2207,334980000,TPP
2208,335140000,YCB
2209,335240000,YBL
2210,335320000,DJB
2211,335420000,SDK
2212,335500000,AZO
2213,335580000,ULK
2214,335660000,NVI
2215,335840000,MUR
2216,335910000,GRQ
2217,336050000,PLJ
2218,336120000,NYU
2219,336190000,JUL
2220,336260000,BHK
2221,336350000,PKN
2222,336440000,CJC
2223,336510000,HRI
2224,336640000,YTH
2225,336810000,BRW
2226,336880000,TJU
2227,336980000,KKN
2228,337130000,TMM
2229,337240000,AOK
2230,337310000,EFL
2231,337420000,PUQ
2232,337560000,FYU
2233,337620000,AZD
2234,337820000,JJU
2235,337880000,JUH
2236,337960000,BEW
2237,338040000,ROS
2238,338100000,AQG
2239,338160000,KAN
2240,338220000,SLL
2241,338280000,IXS
2242,338340000,KTA
2243,338400000,HLH
2244,338460000,HTI
2245,338520000,SIP
2246,338660000,SRZ
2247,338720000,SHP
2248,338860000,IQT
2249,338960000,PMW
2250,339020000,KLU
2251,339080000,RJK
2252,339140000,BHO
2253,339220000,CEE
2254,339300000,KGF
2255,339360000,JIQ
2256,339420000,QRO
2257,339490000,IMP
2258,339650000,YVO
2259,339760000,YQQ
2260,339840000,GTF
2261,339940000,JGN
2262,340020000,TWU
2263,340180000,AKN
2264,340240000,ZLO
2265,340300000,OXB
2266,340360000,AKJ
2267,340480000,TET
2268,340630000,CRD
2269,340690000,TGG
2270,340750000,AGS
2271,340830000,MOL
2272,340890000,CXR
2273,340950000,PDG
2274,341070000,LSC
2275,341130000,DLU
2276,341190000,TRI
2277,341320000,DGA
2278,341430000,YEK
2279,341490000,UDR
2280,341690000,UMD
2281,341770000,MMK
2282,341830000,PBG
2283,341890000,PBC
2284,341970000,LVI
2285,342030000,BTU
2286,342090000,BMV
2287,342150000,NVT
2288,342210000,ECP
2289,342290000,MKW
2290,342350000,OAJ
2291,342410000,FEG
2292,342580000,GAL
2293,342640000,MSO
2294,342700000,DIG
2295,342760000,WEF
2296,342820000,NBC
2297,342920000,BRC
2298,342980000,ZCL
2299,343040000,XIL
2300,343210000,YGW
2301,343270000,PIS
2302,343330000,DNH
2303,343410000,CGY
2304,343490000,TRK
2305,343550000,CCC
2306,343610000,TAI
2307,343670000,MGM
2308,343730000,TAM
2309,343790000,SZZ
2310,343870000,MKY
2311,343930000,CAY
2312,344010000,VFA
2313,344070000,AKX
2314,344130000,DIY
2315,344230000,MUB
2316,344310000,PGK
2317,344390000,VII
2318,344540000,VDS
2319,344610000,REN
2320,344670000,UGC
2321,344750000,HGA
2322,344850000,BBO
2323,344910000,YDF
2324,344960000,PLW
2325,345010000,SKD
2326,345090000,KSU
2327,345190000,LCE
2328,345240000,ASR
2329,345290000,HRL
2330,345350000,ASM
2331,345420000,VXO
2332,345460000,QSF
2333,345620000,SFJ
2334,345660000,BSR
2335,345700000,ASF
2336,345740000,GRB
2337,345780000,BTR
2338,345820000,AAR
2339,345860000,NDG
2340,345900000,CGD
2341,346040000,VVC
2342,346080000,VOZ
2343,346120000,CIY
2344,346260000,YRL
2345,346300000,IXM
2346,346340000,IXA
2347,346380000,NNY
2348,346460000,REX
2349,346500000,BZN
2350,346540000,INN
2351,346580000,VBY
2352,346620000,WUA
2353,346660000,AXT
2354,346700000,RDM
2355,346780000,UME
2356,346820000,SBA
2357,346860000,RAP
2358,346960000,UKK
2359,347020000,NYM
2360,347080000,NTL
2361,347120000,SHV
2362,347160000,BFJ
2363,347260000,TJA
2364,347340000,HEH
2365,347380000,TAK
2366,347420000,PSC
2367,347460000,FAY
2368,347500000,GWT
2369,347580000,LST
2370,347620000,TGZ
2371,347820000,YEV
2372,347860000,ZAZ
2373,347900000,GEO
2374,347960000,SOC
2375,348080000,YYQ
2376,348140000,PHE
2377,348180000,PHC
2378,348340000,TDD
2379,348460000,SOQ
2380,348500000,SPC
2381,348540000,BGR
2382,348580000,GYS
2383,348620000,LAN
2384,348660000,YGJ
2385,348700000,KUT
2386,348860000,HFT
2387,348920000,POL
2388,348980000,HMA
2389,349020000,SJP
2390,349060000,KNX
2391,349200000,PIR
2392,349240000,GSM
2393,349280000,ELH
2394,349420000,MAG
2395,349460000,GJT
2396,349500000,TTE
2397,349560000,SLP
2398,349660000,SLY
2399,349720000,TKU
2400,349820000,YYY
2401,349860000,MAF
2402,350020000,ADQ
2403,350050000,ACA
2404,350090000,LGG
2405,350120000,NEV
2406,350150000,ZQN
2407,350180000,BBI
2408,350300000,TZA
2409,350500000,GEA
2410,350550000,MJZ
2411,350570000,GZT
2412,350590000,GPT
2413,350630000,GGT
2414,350650000,IXC
2415,350670000,CFE
2416,350710000,GRX
2417,350730000,CJJ
2418,350770000,STX
2419,350950000,GOH
2420,350970000,TUU
2421,351110000,FMN
2422,351130000,BZR
2423,351150000,DSA
2424,351170000,BON
2425,351190000,TRZ
2426,351210000,HTY
2427,351230000,HMB
2428,351250000,TOY
2429,351290000,EVE
2430,351310000,EVV
2431,351330000,DAX
2432,351350000,SMI
2433,351450000,SCW
2434,351470000,SCN
2435,351510000,SBW
2436,351540000,SNU
2437,351620000,IMF
2438,351640000,VAR
2439,351660000,HBA
2440,351680000,BLK
2441,351700000,IOS
2442,351720000,ATW
2443,351800000,GBE
2444,351820000,AAE
2445,351840000,AGU
2446,351860000,ZIH
2447,351900000,PLZ
2448,351920000,ATQ
2449,351940000,MOB
2450,351980000,KMJ
2451,352000000,OIT
2452,352020000,MFR
2453,352040000,LYA
2454,352060000,JGS
2455,352080000,PPS
2456,352100000,PHF
2457,352220000,ARH
2458,352420000,JUV
2459,352540000,APL
2460,352560000,PSR
2461,352760000,PAC
2462,352820000,PVH
2463,352830000,YNB
2464,352840000,AVP
2465,352890000,IQQ
2466,352920000,LBB
2467,353080000,YVP
2468,353130000,NDJ
2469,353160000,HRK
2470,353180000,MST
2471,353190000,AMA
2472,353300000,CBB
2473,353330000,ROR
2474,353330000,MRY
2475,353350000,RAS
2476,353350000,BAQ
2477,353490000,PMC
2478,353490000,LXR
2479,353550000,ILO
2480,353550000,SFA
2481,353550000,YBP
2482,353550000,OUD
2483,353550000,ACY
2484,353560000,KLX
2485,353580000,NWI
2486,353580000,TZX
2487,353580000,KRL
2488,353580000,MLM
2489,353580000,AOI
2490,353580000,MGF
2491,353580000,HKD
2492,353690000,UNK
2493,353710000,SPN
2494,353790000,AQP
2495,353830000,HMI
2496,353830000,HAH
2497,353830000,LAP
2498,353830000,HOG
2499,353830000,PWM
2500,353830000,MDG
2501,353850000,GUW
2502,353850000,TRC
2503,353890000,NLA
2504,353940000,MJT
2505,354030000,FBM
2506,354030000,CCF
2507,354030000,JNG
2508,354030000,LRM
2509,354030000,VLN
2510,354050000,VNS
2511,354050000,ISU
2512,354050000,FSZ
2513,354070000,VOG
2514,354110000,PBM
2515,354110000,BLI
2516,354200000,ALF
2517,354300000,YXS
2518,354340000,LRH
2519,354340000,JMU
2520,354360000,YQM
2521,354350000,IXR
2522,354340000,CRW
2523,354420000,KOE
2524,354430000,CIT
2525,354450000,SBH
2526,354460000,SLU
2527,354450000,VPS
2528,354480000,INV
2529,354470000,BPS
2530,354460000,NJF
2531,354540000,MDZ
2532,354540000,HTA
2533,354520000,VGO
2534,354630000,ANF
2535,354610000,TRS
2536,354650000,PZO
2537,354670000,PVK
2538,354650000,KRS
2539,354810000,SPR
2540,354800000,IXZ
2541,354840000,ADZ
2542,354820000,STI
2543,354880000,BLA
2544,354860000,SBN
2545,354880000,SKB
2546,354880000,THE
2547,354880000,LIG
2548,354900000,NZH
2549,354880000,KMI
2550,354940000,ZAH
2551,355080000,KOI
2552,355060000,FUG
2553,355130000,MAB
2554,355230000,TER
2555,355410000,EOH
2556,355390000,CEI
2557,355370000,TIV
2558,355460000,CUZ
2559,355480000,UUD
2560,355620000,SON
2561,355640000,RIY
2562,355660000,IOM
2563,355640000,DAT
2564,355640000,RPR
2565,355760000,LAE
2566,355740000,JPA
2567,355720000,RZE
2568,355700000,EGO
2569,355680000,PAD
2570,355680000,EGC
2571,355660000,RBA
2572,355640000,FMO
2573,355800000,HGU
2574,355950000,SUV
2575,355960000,NKC
2576,355930000,LNZ
2577,355920000,LDB
2578,355930000,MLH
2579,355900000,SKT
2580,355860000,MYJ
2581,355860000,UKB
2582,355840000,VRA
2583,355820000,BRN
2584,355780000,HAU
2585,355850000,MGQ
2586,355810000,WXN
2587,355770000,CJS
2588,355730000,HIA
2589,355710000,IXJ
2590,355670000,IGU
2591,355630000,TMP
2592,355610000,ASP
2593,355670000,BIL
2594,355630000,IAS
2595,355600000,EIS
2596,355560000,UYN
2597,355520000,NMA
2598,355480000,GNV
2599,355440000,AVL
2600,355440000,MRA
2601,355410000,ZNZ
2602,355370000,LCG
2603,355350000,CTG
2604,355330000,BOJ
2605,355300000,JUB
2606,355260000,MUX
2607,355220000,BMI
2608,355280000,BME
2609,355420000,ANI
2610,355560000,RAB
2611,355660000,PLU
2612,355650000,YMM
2613,355600000,ELQ
2614,355570000,LLW
2615,355550000,PAT
2616,355490000,YYJ
2617,355430000,FNT
2618,355370000,AJU
2619,355330000,BJL
2620,355270000,XFN
2621,355210000,OKJ
2622,355200000,MBA
2623,355140000,FSD
2624,355080000,TIF
2625,355040000,FDH
2626,354980000,AES
2627,354920000,TSR
2628,354860000,SRQ
2629,354800000,TGO
2630,354740000,LZO
2631,354700000,MCZ
2632,354680000,VSA
2633,354640000,LPQ
2634,354580000,HSN
2635,354540000,KHG
2636,354500000,SEZ
2637,354440000,CRK
2638,354500000,COR
2639,354460000,NOU
2640,354400000,ILM
2641,354340000,KOW
2642,354280000,ABE
2643,354220000,CBR
2644,354160000,CHO
2645,354180000,ISA
2646,354120000,JMK
2647,354060000,RNS
2648,354050000,TLC
2649,353980000,BJM
2650,354030000,RAR
2651,353960000,EUG
2652,353920000,PLM
2653,353850000,COS
2654,353900000,YQT
2655,353830000,BTV
2656,353750000,SGF
2657,353790000,AMQ
2658,353730000,SGC
2659,353670000,FSC
2660,353630000,ECN
2661,353610000,MAR
2662,353650000,DVO
2663,353630000,NJC
2664,353550000,SEN
2665,353470000,BVC
2666,353390000,BIQ
2667,353330000,RTB
2668,353370000,STM
2669,353290000,KBR
2670,353210000,FAR
2671,353150000,ISG
2672,353070000,HYN
2673,352990000,LZH
2674,352970000,UET
2675,352910000,DNK
2676,352830000,YNJ
2677,352750000,MHH
2678,352690000,TTN
2679,352630000,SSG
2680,352550000,BGW
2681,352570000,YTZ
2682,352500000,NSK
2683,352410000,BJX
2684,352360000,AHB
2685,352290000,POP
2686,352240000,BDJ
2687,352170000,GND
2688,352220000,SXR
2689,352130000,MGA
2690,352130000,YLW
2691,352030000,NOC
2692,351930000,WUS
2693,351830000,ROA
2694,351770000,KGD
2695,351670000,PUY
2696,351570000,TLH
2697,351480000,NAG
2698,351580000,YYR
2699,351520000,UDI
2700,351420000,MLI
2701,351320000,YXE
2702,351260000,MZT
2703,351180000,DOK
2704,351100000,ASB
2705,351150000,DZA
2706,351050000,TBZ
2707,350950000,FPO
2708,350850000,BDA
2709,350750000,CIF
2710,350650000,PIA
2711,350550000,ZYI
2712,350450000,GEG
2713,350390000,MID
2714,350280000,IXE
2715,350170000,MIR
2716,350240000,YWK
2717,350160000,JTR
2718,350110000,SLZ
2719,349990000,KBV
2720,349870000,JZH
2721,349830000,MMX
2722,349730000,NUX
2723,349630000,CIH
2724,349510000,TGD
2725,349410000,IXB
2726,349370000,VER
2727,349290000,IDR
2728,349170000,FWA
2729,349050000,CHA
2730,348950000,LYG
2731,348930000,CZL
2732,348810000,CGP
2733,348710000,VIX
2734,348630000,LOP
2735,348630000,TSV
2736,348510000,ROB
2737,348410000,SJJ
2738,348310000,NAT
2739,348210000,CUL
2740,348090000,CZM
2741,347970000,JDZ
2742,347870000,KIJ
2743,347740000,ISP
2744,347690000,UUS
2745,347750000,MDL
2746,347650000,ZTH
2747,347560000,CUU
2748,347430000,EYW
2749,347320000,KIH
2750,347190000,YQR
2751,347110000,CGR
2752,347110000,NGS
2753,346990000,NIM
2754,346850000,JAI
2755,346850000,RAI
2756,346710000,CAE
2757,346630000,OMS
2758,346530000,SRG
2759,346390000,CJB
2760,346410000,MPM
2761,346270000,LWO
2762,346470000,YXL
2763,346330000,LGK
2764,346270000,ADA
2765,346130000,YNZ
2766,345990000,BES
2767,345850000,MSN
2768,345710000,OVD
2769,345570000,HIJ
2770,345430000,KMQ
2771,345390000,SID
2772,345300000,DOM
2773,345380000,PGD
2774,345470000,DJJ
2775,345340000,CID
2776,345400000,BOO
2777,345280000,FEZ
2778,345130000,NTG
2779,344990000,BUR
2780,344830000,LYI
2781,344730000,CKY
2782,344650000,TGU
2783,344520000,VTZ
2784,344400000,USM
2785,344340000,JHB
2786,344200000,PNR
2787,344080000,LKO
2788,343920000,HSV
2789,344020000,YFB
2790,343860000,NDR
2791,343760000,GCI
2792,343600000,JAN
2793,343460000,LEI
2794,343320000,YIW
2795,343180000,KLO
2796,343080000,GOJ
2797,342960000,ASU
2798,342900000,HLD
2799,342740000,LGB
2800,342580000,YTY
2801,342420000,PKU
2802,342300000,KOJ
2803,342460000,WIL
2804,342290000,ODS
2805,342170000,UVF
2806,342010000,BOH
2807,341950000,RAO
2808,341770000,GRZ
2809,341750000,BND
2810,341670000,WDH
2811,341490000,TNG
2812,341310000,SDR
2813,341130000,ZHA
2814,341010000,NSI
2815,340870000,KUN
2816,340680000,MDT
2817,340490000,REU
2818,340540000,PMV
2819,340370000,BTS
2820,340310000,RUN
2821,340130000,MJV
2822,339930000,MHT
2823,339880000,JIB
2824,339700000,BHY
2825,339500000,FKB
2826,339320000,XUZ
2827,339140000,CEK
2828,338940000,CLY
2829,338900000,IFN
2830,338700000,ICT
2831,338810000,JNU
2832,338610000,FAT
2833,338410000,GOA
2834,338230000,LEX
2835,338040000,KOA
2836,337980000,JRO
2837,337810000,BOI
2838,337620000,AAL
2839,337600000,ULN
2840,337410000,LFW
2841,337190000,LIH
2842,336970000,DYG
2843,336830000,PIK
2844,336770000,MDC
2845,336590000,BHD
2846,336530000,SCO
2847,336310000,PNS
2848,336110000,CLJ
2849,335950000,GSE
2850,335750000,POZ
2851,335610000,BDO
2852,335470000,FLN
2853,335410000,DUR
2854,335190000,PRN
2855,334960000,MIG
2856,334850000,GYN
2857,334770000,YYT
2858,334540000,XRY
2859,334300000,CAK
2860,334440000,KTN
2861,334520000,YZV
2862,334280000,DRS
2863,334160000,ADE
2864,334110000,FNA
2865,333930000,IEV
2866,333690000,BDS
2867,333510000,MRV
2868,333500000,TJM
2869,333640000,OTZ
2870,333430000,LIR
2871,333210000,BWN
2872,333030000,SAP
2873,332910000,UFA
2874,332730000,HPN
2875,332530000,FMM
2876,332390000,BGI
2877,332130000,SAV
2878,331890000,MVD
2879,331780000,FDF
2880,331650000,PDL
2881,331380000,ELP
2882,331140000,MPL
2883,331140000,MYY
2884,330940000,SKP
2885,330760000,JHG
2886,330480000,YIH
2887,330520000,HIR
2888,330370000,LBV
2889,330230000,HMO
2890,329950000,XNA
2891,330050000,YRT
2892,329830000,PAP
2893,329750000,AWZ
2894,329650000,VVI
2895,329830000,OME
2896,329700000,EXT
2897,329400000,DSN
2898,329220000,BEN
2899,328920000,SUF
2900,328800000,VTE
2901,328500000,ONT
2902,328330000,BZV
2903,328100000,GCM
2904,327790000,GSO
2905,327500000,PSP
2906,327600000,LPB
2907,327280000,TXN
2908,327010000,AER
2909,326810000,MDE
2910,326820000,TOS
2911,326600000,ZAD
2912,326580000,KCH
2913,326280000,WMI
2914,325960000,SYR
2915,325760000,VVO
2916,325480000,KUF
2917,325460000,BTH
2918,325260000,KBL
2919,325400000,FAI
2920,325380000,TNR
2921,325460000,BMA
2922,325110000,PVD
2923,324840000,BKO
2924,324490000,TUL
2925,324390000,FIH
2926,324410000,VLI
2927,324130000,KTW
2928,323910000,KZN
2929,323550000,GRR
2930,323240000,AGA
2931,322960000,ROV
2932,322600000,RNO
2933,322560000,BZE
2934,322280000,OOL
2935,322180000,TPS
2936,321960000,HRE
2937,321860000,YQB
2938,321730000,CLO
2939,321380000,DSM
2940,321540000,BET
2941,321580000,YZF
2942,321220000,GSP
2943,320900000,KIN
2944,320540000,BAV
2945,320640000,SZB
2946,320260000,LIT
2947,319880000,YCU
2948,319640000,JOG
2949,319550000,PTP
2950,319170000,GOI
2951,318870000,RMQ
2952,318550000,SNN
2953,318230000,PEW
2954,317950000,OSS
2955,317950000,ABV
2956,317550000,ROC
2957,317190000,EBL
2958,316910000,LXA
2959,316550000,ALB
2960,316180000,PNH
2961,316060000,SDU
2962,315720000,CCJ
2963,315440000,AHO
2964,315210000,PLS
2965,314810000,TYS
2966,315010000,PIE
2967,314590000,TUS
2968,314350000,NYO
2969,314030000,SDJ
2970,313640000,CWL
2971,313420000,CUR
2972,313320000,GAU
2973,312890000,BJV
2974,312450000,DAY
2975,312310000,MAO
2976,312190000,WLG
2977,312350000,AZA
2978,312010000,DAD
2979,311650000,LJU
2980,311270000,RTM
2981,311080000,OUA
2982,310700000,WRO
2983,310420000,STT
2984,310280000,LBD
2985,310220000,CGB
2986,310040000,SOU
2987,309660000,TFN
2988,309380000,DTM
2989,309240000,DAR
2990,309260000,LUN
2991,309010000,EBB
2992,308550000,ORK
2993,308110000,KIV
2994,307830000,MYR
2995,307510000,ORN
2996,307150000,PNQ
2997,306660000,CHS
2998,306510000,ANU
2999,306080000,SXB
3000,305590000,OMA
3001,305210000,TBS
3002,304770000,SZG
3003,304290000,SCQ
3004,303970000,GUM
3005,303510000,BFS
3006,303010000,MAH
3007,302590000,AMD
3008,302570000,BEL
3009,302450000,POS
3010,302270000,FOR
3011,302000000,GYE
3012,301510000,BHM
3013,301060000,SWA
3014,300550000,BUF
3015,300150000,BIA
3016,299990000,CHC
3017,299730000,REC
3018,299570000,BPN
3019,299110000,TIA
3020,298610000,DJE
3021,298190000,TRF
3022,297650000,ORF
3023,297130000,CZX
3024,296750000,RYG
3025,296520000,SAH
3026,296300000,DAL
3027,296100000,KHV
3028,295830000,JER
3029,295750000,YKS
3030,295210000,RIC
3031,294730000,TLL
3032,294410000,TSF
3033,294090000,NRN
3034,294030000,PPT
3035,293460000,SSH
3036,293030000,VRN
3037,292700000,GUA
3038,292300000,GMP
3039,292200000,SYZ
3040,292000000,UIO
3041,291850000,KGL
3042,291470000,AJA
3043,290920000,LEJ
3044,290400000,HRG
3045,290110000,LIL
3046,289710000,TSA
3047,289520000,COO
3048,289320000,YWG
3049,288850000,HBE
3050,288280000,OKC
3051,287940000,KRT
3052,287540000,REP
3053,287160000,MRU
3054,287030000,IKT
3055,286630000,ABZ
3056,286060000,ABQ
3057,285790000,NAN
3058,285740000,TIJ
3059,285110000,SDF
3060,284490000,TRV
3061,284430000,ITM
3062,284170000,PEN
3063,283690000,OGG
3064,283100000,PFO
3065,282630000,MLE
3066,282130000,ZAG
3067,281860000,CWB
3068,281420000,CAG
3069,281150000,TRD
3070,281010000,CPT
3071,280360000,SNA
3072,280160000,POA
3073,279700000,TRN
3074,279250000,HAV
3075,278670000,JJN
3076,278230000,KTM
3077,277690000,PBI
3078,277050000,MBJ
3079,276640000,YOW
3080,275990000,NBE
3081,275490000,FRU
3082,274890000,KGS
3083,274550000,DRW
3084,274170000,EVN
3085,273700000,AUA
3086,273210000,CHQ
3087,272540000,JAX
3088,272150000,KRR
3089,271470000,KEF
3090,270790000,PVR
3091,270560000,LAD
3092,270260000,DWC
3093,270050000,KJA
3094,269560000,SDQ
3095,269560000,CGH
3096,269300000,HHN
3097,268560000,WUX
3098,268030000,BLL
3099,267460000,CNX
3100,267160000,YHZ
3101,266780000,TIP
3102,266130000,NUE
3103,265510000,SPU
3104,265670000,SFB
3105,265360000,CEB
3106,265110000,GRO
3107,264630000,MED
3108,264510000,DLA
3109,263860000,XNN
3110,263420000,RGN
3111,262860000,BRI
3112,262280000,BRE
3113,261980000,CIA
3114,261250000,SJD
3115,260780000,GDN
3116,260340000,ADL
3117,260030000,ABJ
3118,259970000,POM
3119,259160000,BDL
3120,258550000,CFU
3121,258130000,BKI
3122,257410000,FNC
3123,256970000,TSE
3124,256280000,OLB
3125,256090000,ESB
3126,255520000,SAL
3127,254740000,FLR
3128,254250000,SVG
3129,253550000,GOT
3130,253190000,DYU
3131,252940000,ACC
3132,252260000,MSQ
3133,251580000,SMF
3134,251380000,CNF
3135,250980000,CNS
3136,250280000,LHE
3137,249760000,OAK
3138,248910000,MEM
3139,248810000,UPG
3140,247890000,YNT
3141,247580000,SXM
3142,246940000,KRK
3143,246980000,VCP
3144,246500000,LPL
3145,245610000,DLM
3146,245470000,SSA
3147,244850000,VNO
3148,244220000,ISB
3149,243720000,CJU
3150,242900000,COK
3151,242800000,ANC
3152,241990000,ZUH
3153,241690000,LOS
3154,240980000,SJC
3155,240720000,BVA
3156,239960000,LIN
3157,239090000,DBV
3158,238320000,IKA
3159,237810000,OKA
3160,237350000,KHI
3161,236300000,MKE
3162,236410000,THR
3163,235730000,PMO
3164,234950000,SVQ
3165,235030000,AEP
3166,234330000,GYD
3167,233450000,BIO
3168,232410000,CMH
3169,231560000,RSW
3170,231510000,MHD
3171,230970000,LCY
3172,230020000,LJG
3173,229030000,KHH
3174,228740000,SUB
3175,227750000,CGQ
3176,226810000,INC
3177,225830000,SOF
3178,225150000,ADB
3179,224340000,BEY
3180,223500000,BOD
3181,223060000,ALA
3182,222720000,DMK
3183,222360000,DKR
3184,221750000,EIN
3185,221310000,NAS
3186,220280000,SAT
3187,219790000,BGO
3188,218710000,IND
3189,217750000,HKT
3190,217230000,YEG
3191,216400000,LUX
3192,215300000,PUJ
3193,214880000,MTY
3194,213960000,RAK
3195,213250000,HYD
3196,212090000,PIT
3197,211270000,DAC
3198,210620000,HOU
3199,209820000,EZE
3200,209370000,SJO
3201,208370000,CVG
3202,207370000,HAJ
3203,206650000,PSA
3204,205470000,HFE
3205,204410000,MFM
3206,203430000,NAP
3207,202890000,SCL
3208,201780000,MCI
3209,200800000,PUS
3210,200520000,NAY
3211,199960000,TAS
3212,199160000,LBA
3213,198180000,TLS
3214,197270000,CLE
3215,196740000,CTS
3216,196320000,BGY
3217,195100000,WNZ
3218,194170000,VLC
3219,193480000,DMM
3220,192400000,SJW
3221,191320000,BNA
3222,190400000,SXF
3223,189520000,NCL
3224,188340000,AUS
3225,187090000,RDU
3226,185930000,LHW
3227,185630000,CRL
3228,184510000,NGB
3229,183670000,RHO
3230,182810000,NGO
3231,181790000,BAH
3232,181050000,FUK
3233,180570000,VKO
3234,179520000,BEG
3235,178320000,KHN
3236,177470000,SKG
3237,176530000,HET
3238,175810000,HAN
3239,175000000,TUN
3240,174230000,ALG
3241,173330000,BLQ
3242,173000000,OVB
3243,172640000,CCS
3244,171970000,PER
3245,171190000,NTE
3246,170690000,GDL
3247,169550000,BSL
3248,168350000,LCA
3249,167290000,FUE
3250,166560000,EMA
3251,166140000,CCU
3252,165640000,GIG
3253,164570000,BUD
3254,163920000,BLR
3255,163690000,SHJ
3256,162680000,GLA
3257,162660000,BSB
3258,162420000,SVX
3259,161660000,BRS
3260,160790000,DPS
3261,159830000,IBZ
3262,158790000,OPO
3263,157710000,RIX
3264,156720000,KBP
3265,155720000,CMB
3266,154970000,SJU
3267,154130000,MCT
3268,153570000,MAA
3269,152700000,FAO
3270,152050000,PTY
3271,151270000,AKL
3272,149670000,KWL
3273,148980000,ADD
3274,148360000,LTN
3275,146850000,HAK
3276,145930000,SGN
3277,144390000,SYX
3278,143280000,HER
3279,142080000,TYN
3280,140860000,STL
3281,139700000,AMM
3282,138580000,MLA
3283,137560000,OTP
3284,136460000,YYC
3285,135080000,NNG
3286,134500000,LIM
3287,133330000,PDX
3288,132470000,ACE
3289,131240000,HNL
3290,129940000,CTA
3291,128940000,EDI
3292,127520000,SAN
3293,126800000,KWI
3294,125580000,WAW
3295,124190000,VCE
3296,122320000,MSY
3297,121280000,CMN
3298,120110000,AYT
3299,119540000,NBO
3300,118330000,HRB
3301,117510000,BHX
3302,116750000,MRS
3303,115920000,CGN
3304,114400000,FOC
3305,113330000,NCE
3306,112550000,MEL
3307,110980000,TNA
3308,109590000,TLV
3309,108860000,MDW
3310,107520000,SHE
3311,106650000,STR
3312,105110000,KWE
3313,104330000,LYS
3314,103270000,TPA
3315,102480000,RUH
3316,101470000,SLC
3317,100020000,DLC
3318,99020000,BWI
3319,98540000,SAW
3320,97140000,TSN
3321,96720000,BNE
3322,95740000,CAI
3323,94360000,KIX
3324,93400000,URC
3325,92740000,BOG
3326,91730000,LPA
3327,90090000,CUN
3328,89230000,ALC
3329,88420000,HND
3330,87120000,YVR
3331,86130000,LGA
3332,85220000,TFS
3333,83570000,HEL
3334,82830000,JNB
3335,81690000,HAM
3336,80280000,GVA
3337,78950000,NKG
3338,78820000,STN
3339,77740000,CGO
3340,76370000,PRG
3341,75140000,OSL
3342,74150000,CGK
3343,73510000,LED
3344,71820000,YUL
3345,70410000,WUH
3346,69390000,FLL
3347,68030000,TAO
3348,66650000,DOH
3349,65480000,CSX
3350,64770000,JED
3351,63330000,MXP
3352,61590000,IAD
3353,60670000,MNL
3354,59890000,GRU
3355,59050000,DCA
3356,58250000,SVO
3357,57280000,ATH
3358,55460000,SEA
3359,55020000,ORY
3360,53970000,AGP
3361,53210000,SYD
3362,52290000,SHA
3363,51030000,DUB
3364,49880000,TXL
3365,48250000,BOS
3366,46920000,MSP
3367,45580000,DTW
3368,44180000,LIS
3369,43180000,ARN
3370,42340000,BOM
3371,41080000,CPH
3372,39780000,XMN
3373,38850000,SZX
3374,37640000,MCO
3375,36380000,AUH
3376,35160000,MEX
3377,33970000,IAH
3378,32620000,ZRH
3379,31360000,LAS
3380,29470000,SFO
3381,28150000,EWR
3382,27010000,HGH
3383,26310000,PHX
3384,25250000,KUL
3385,24420000,DEL
3386,23120000,TPE
3387,22280000,CKG
3388,21560000,KMG
3389,20740000,PMI
3390,20300000,XIY
3391,19410000,DUS
3392,17680000,NRT
3393,16730000,PHL
3394,16230000,CLT
3395,15220000,VIE
3396,14530000,MAN
3397,13780000,BRU
3398,12520000,YYZ
3399,11960000,CTU
3400,11660000,DME
3401,10530000,BKK
3402,9420000,MAD
3403,8540000,FCO
3404,8130000,CAN
3405,8030000,LGW
3406,7190000,HKG
3407,6620000,DXB
3408,6180000,IST
3409,5750000,MUC
3410,4940000,MIA
3411,4440000,DEN
3412,3780000,ICN
3413,3440000,BCN
3414,3310000,SIN
3415,2860000,PVG
3416,2540000,AMS
3417,1570000,JFK
3418,940000,DFW
3419,420000,LAX
3420,310000,FRA
3421,90000,CDG
3422,-110000,LHR
3423,-10000,PEK
3424,-200000,ORD
3425,0,ATL
